english,hindi
desperate,बहुत ज्यादा जरूरत में या बेचैन
frustrated,निराश और परेशान
confident,आत्मविश्वासी
anxious,चिंतित या बेचैन
overwhelmed,बहुत ज्यादा दबाव महसूस करना
focused,ध्यान केंद्रित
motivated,प्रेरित
confused,उलझन में
curious,जानने की इच्छा होना
practical,व्यावहारिक
relevant,जरूरी या संबंधित
important,महत्वपूर्ण
urgent,तुरंत जरूरी
priority,पहली प्राथमिकता
challenge,कठिन काम या चुनौती
opportunity,मौका
decision,फैसला
result,परिणाम
effort,मेहनत
progress,प्रगति
improve,सुधार करना
develop,विकास करना
achieve,हासिल करना
manage,संभालना
handle,निपटना
solve,हल करना
create,बनाना
build,निर्माण करना
learn,सीखना
understand,समझना
explain,समझाना
discuss,चर्चा करना
suggest,सलाह देना
recommend,सिफारिश करना
consider,विचार करना
realize,अहसास होना
believe,विश्वास करना
expect,उम्मीद करना
assume,मान लेना
avoid,बचना
increase,बढ़ाना
reduce,कम करना
maintain,बनाए रखना
support,समर्थन करना
require,जरूरत होना
depend,निर्भर होना
include,शामिल करना
provide,प्रदान करना
deliver,पहुंचाना
impact,प्रभाव
influence,प्रभाव डालना
effect,असर
benefit,फायदा
risk,जोखिम
issue,समस्या
problem,दिक्कत
solution,समाधान
strategy,रणनीति
plan,योजना
goal,लक्ष्य
target,निशाना
success,सफलता
failure,असफलता
growth,विकास
performance,प्रदर्शन
quality,गुणवत्ता
value,मूल्य
skill,कौशल
knowledge,ज्ञान
experience,अनुभव
feedback,प्रतिक्रिया
communication,संचार
teamwork,टीम में काम करना
leadership,नेतृत्व
responsibility,जिम्मेदारी
accountability,जवाबदेही
efficiency,कुशलता
productivity,उत्पादन क्षमता
deadline,समय सीमा
task,काम
project,प्रोजेक्ट
process,प्रक्रिया
system,प्रणाली
data,डेटा
analysis,विश्लेषण
insight,गहरी समझ
pattern,पैटर्न या ढांचा
trend,रुझान
comparison,तुलना
example,उदाहरण
reason,कारण
cause,वजह
effectively,प्रभावी तरीके से
quickly,जल्दी
clearly,साफ तरीके से
properly,सही तरीके से
seriously,गंभीरता से
recently,हाल ही में
currently,अभी
usually,आमतौर पर
actually,असल में
basically,मूल रूप से
adapt,ढलना
adopt,अपनाना
advance,आगे बढ़ना
affect,प्रभाव डालना
approach,तरीका
assess,मूल्यांकन करना
assign,सौंपना
assist,मदद करना
assure,आश्वासन देना
attend,भाग लेना
attract,आकर्षित करना
balance,संतुलन
beneficial,फायदेमंद
capable,योग्य
clarify,स्पष्ट करना
collaborate,मिलकर काम करना
commit,प्रतिबद्ध होना
communicate,बात करना
compare,तुलना करना
complete,पूरा करना
complex,जटिल
concentrate,ध्यान लगाना
conclude,निष्कर्ष निकालना
conduct,करना या संचालित करना
confirm,पुष्टि करना
connect,जोड़ना
consistent,लगातार समान
construct,निर्माण करना
contribute,योगदान देना
control,नियंत्रण करना
coordinate,समन्वय करना
create,रचना करना
critical,महत्वपूर्ण या गंभीर
decide,निर्णय लेना
define,परिभाषित करना
demonstrate,दिखाना
describe,वर्णन करना
design,डिजाइन करना
determine,निर्धारित करना
develop,विकसित करना
differentiate,अंतर बताना
direct,सीधा या निर्देश देना
distribute,वितरण करना
enhance,बेहतर बनाना
ensure,पक्का करना
evaluate,मूल्यांकन करना
examine,जांच करना
execute,अमल करना
expand,फैलाना
explain,समझाना
explore,खोज करना
facilitate,आसान बनाना
finalize,अंतिम रूप देना
focus,ध्यान देना
forecast,अनुमान लगाना
generate,उत्पन्न करना
identify,पहचानना
implement,लागू करना
improve,सुधार करना
include,शामिल करना
increase,बढ़ाना
indicate,संकेत देना
influence,प्रभाव डालना
initiate,शुरू करना
integrate,जोड़ना
interpret,समझाना
investigate,जांच करना
maintain,बनाए रखना
measure,मापना
monitor,नजर रखना
optimize,बेहतर बनाना
organize,व्यवस्थित करना
perform,प्रदर्शन करना
plan,योजना बनाना
predict,भविष्यवाणी करना
prepare,तैयार करना
present,प्रस्तुत करना
prioritize,प्राथमिकता देना
process,प्रक्रिया करना
produce,उत्पादन करना
propose,प्रस्ताव देना
prove,साबित करना
record,रिकॉर्ड करना
reduce,कम करना
refine,सुधारना
report,रिपोर्ट करना
research,शोध करना
resolve,समाधान करना
review,पुनः देखना
schedule,समय तय करना
select,चुनना
simplify,सरल बनाना
solve,हल करना
support,सहारा देना
test,परीक्षण करना
track,नज़र रखना
train,प्रशिक्षण देना
update,अपडेट करनाs
validate,सत्यापित करना
verify,जांचना
visualize,कल्पना करना
workload,काम का बोझ
deadline,अंतिम समय
pressure,दबाव
achievement,उपलब्धि
ability,क्षमता
adaptability,ढलने की क्षमता
attention,ध्यान
accuracy,सटीकता
confidence,आत्मविश्वास
discipline,अनुशासन
flexibility,लचीलापन
initiative,पहल
innovation,नवाचार
learning,सीखना
mindset,सोचने का तरीका
ownership,जिम्मेदारी लेना
potential,संभावना
professional,पेशेवर
punctual,समय पर
reliable,विश्वसनीय
strength,ताकत
weakness,कमजोरी